level,rep,read_s
D1_dist_1dec,1,0.6196431590014981
D0_dist_0dec,1,0.6936717389999103
L1_float32,1,1.0028099629998906
T1_ts_1min,1,0.6557280800006993
L0_native,1,0.8539986189989577
T15_ts_15min,1,0.5511641599987342
D0_dist_0dec,2,0.8069728989994474
D1_dist_1dec,2,0.6716775799995958
L1_float32,2,0.7645302700002503
T1_ts_1min,2,0.5193948140004068
T15_ts_15min,2,0.4745317570013867
L0_native,2,0.6779998809997778
T15_ts_15min,3,0.6652977670000837
D1_dist_1dec,3,0.6627456349997374
L0_native,3,0.6538757230009651
L1_float32,3,0.7411359090001497
D0_dist_0dec,3,0.6400061429994821
T1_ts_1min,3,0.6594473879995348
D0_dist_0dec,4,0.6133015640007216
L1_float32,4,0.6174591569997574
D1_dist_1dec,4,0.6578985520009155
T1_ts_1min,4,0.5701921300005779
L0_native,4,0.6298202819998551
T15_ts_15min,4,0.6832143379997433
T15_ts_15min,5,0.5497945170009189
D1_dist_1dec,5,0.6313295300005848
T1_ts_1min,5,0.5269547489988327
D0_dist_0dec,5,0.631898841000293
L0_native,5,0.6050587209992955
L1_float32,5,0.8471499819988821
