Level,Seed,MAE,MSE,RMSE,R2,Epochs,Train s
L0,1234,184.39853236405312,101214.70137373978,318.1425802588201,0.8292147205714223,36,438.41662729599966
L0,1235,185.10687151678076,102944.45893126258,320.84958926460007,0.826296002995856,39,534.6209980799999
L0,1236,187.1224265809812,104298.19333015819,322.95230813567224,0.8240117705232062,28,472.26078309099967
L0,1237,183.7017063728871,101726.786883984,318.9463699181792,0.8283506497815927,41,606.8380073030003
L0,1238,186.93557350470192,102366.8611819938,319.94821640695824,0.8272706162849072,62,992.1150701220004
L0,1239,185.78267201576486,104633.59780832434,323.47116998014576,0.8234458236128488,25,405.62018487300065
L0,1240,185.5313271103546,106254.4245887335,325.966907198773,0.8207109110868972,50,759.3875940019998
L0,1241,186.68412557866264,102945.68188368615,320.851495062258,0.8262939394391934,32,468.0519859899996
L0,1242,184.726352168212,101790.92455470795,319.0469002430645,0.8282424266690624,73,1095.831960681
L0,1243,188.15272176146055,107926.9427427981,328.5223626220871,0.8178887767880807,34,518.2511758859991
L1_f32,1234,184.93280716935277,101270.93059173967,318.2309390862863,0.8291198418376236,36,546.8433756520008
L1_f32,1235,185.83547663292148,103044.57475102978,321.00556809972903,0.8261270719213966,35,519.4622764639989
L1_f32,1236,186.43828841749286,104182.27474405394,322.7727912077688,0.8242073664974083,35,515.9331883089999
L1_f32,1237,183.42324188288856,101719.63742969022,318.9351617957641,0.8283627134594256,45,678.8439066930005
L1_f32,1238,186.80269065262206,103007.5886377416,320.94795316023067,0.8261894806782981,56,823.7126428210013
L1_f32,1239,186.0775634223742,104682.74287139799,323.5471261986389,0.8233628983735738,20,310.09890343000006
L1_f32,1240,186.39426205578275,106888.52877381406,326.93811153460535,0.8196409512987837,21,326.8290924180001
L1_f32,1241,187.02925752075222,102888.50199581536,320.7623762161257,0.8263904222919327,31,310.92008972099995
L1_f32,1242,186.2325536237244,102112.5836787105,319.5505964299089,0.8276996730707419,49,512.979846829
L1_f32,1243,187.92860773499945,107875.27369158661,328.4437146477104,0.8179759608950257,40,425.73997524000015
D1,1234,184.64640392911758,101223.93801590885,318.1570964412217,0.8291991350636609,33,348.7657354710002
D1,1235,186.09484788028197,103813.20604442763,322.20056803864827,0.8248301169490574,30,305.7378511679999
D1,1236,187.09116524194914,102708.22631663532,320.48124175470133,0.8266946116223863,82,830.6127913529999
D1,1237,184.24997576785452,101660.86872106935,318.8430157947157,0.8284618772191091,38,388.5014391200002
D1,1238,187.41872956697307,102877.79881323117,320.74569180774847,0.8264084823761261,38,376.2472360789998
D1,1239,185.5306667322051,104311.46326285499,322.97285220720175,0.8239893794166488,32,312.37837629700016
D1,1240,186.1768701714457,106458.5183375922,326.27981601317634,0.8203665321828904,43,435.04625171600037
D1,1241,186.8119515883948,102815.48219140046,320.6485337427889,0.8265136327300564,36,364.6062407569998
D1,1242,185.43877607999497,102091.78015152935,319.51804354610294,0.8277347760365612,46,492.91414542799976
D1,1243,188.98226865113813,108462.00932478835,329.33570915524535,0.8169859287385601,20,203.98095420299978
D0,1234,196.89074885671872,107067.86906315625,327.21226912075934,0.8193383403044083,33,336.3560331589997
D0,1235,197.67154913215464,109418.78633370996,330.7851059732133,0.815371504879163,32,320.5093856020003
D0,1236,200.4006230264505,107841.56592665591,328.39239626802555,0.8180328379096734,52,551.0018288370002
D0,1237,195.247802554009,105496.65954423086,324.802493131181,0.821989530824051,42,423.545634049
D0,1238,198.09792989883138,107059.8261059324,327.1999787682334,0.8193519116401755,46,461.00030101799985
D0,1239,197.26869383789776,108569.638687007,329.49907236137557,0.8168043196397656,48,491.52906919999896
D0,1240,197.81696959934877,111262.86608696364,333.5608881253371,0.8122598850089914,48,495.51581993699983
D0,1241,198.8674260727218,108067.84140636594,328.7367357116724,0.8176510305189919,26,258.80756462499994
D0,1242,198.27243395674395,108541.00720046814,329.4556225054721,0.8168526311633153,42,422.5894133840011
D0,1243,198.80282416569747,111016.19155573366,333.19092357946016,0.8126761128708755,92,942.752050355999
T1,1234,184.09683377616744,100823.44942512152,317.52708455361966,0.8298749020713905,40,404.37053358699995
T1,1235,185.6120587154802,103312.89989864883,321.4232410679863,0.8256743117522526,41,416.3587442400003
T1,1236,185.72697327449828,102195.81619056713,319.6808036003525,0.8275592301548211,74,742.6175368600016
T1,1237,182.64144225731738,100834.59705655537,317.5446378960844,0.8298560920435629,68,682.8240375389996
T1,1238,186.0454327069356,102380.0305354051,319.968796190199,0.8272483948914563,74,756.751906816
T1,1239,185.26257923092885,104245.77871396748,322.87114877914917,0.8241002126640293,31,316.7509695489989
T1,1240,185.56473628381204,106320.57880671234,326.06836523452,0.820599285340345,51,532.9689517980005
T1,1241,186.90016412645653,103165.52459051745,321.19390497099636,0.8259229864293348,32,341.1446896559992
T1,1242,185.34312668786256,102608.28252852724,320.3252761311964,0.8268632524181159,59,595.6596580639998
T1,1243,187.2299992603092,107089.27831195002,327.2449821035458,0.8193022152703178,67,684.462515915
T15,1234,184.67193024907843,101096.75020792786,317.9571515282018,0.8294137462321091,29,296.32604278799954
T15,1235,186.25424406793442,103990.24105884138,322.47517898102075,0.8245313957752068,30,321.1445359440004
T15,1236,187.38877504803787,103715.56786127135,322.04901468762694,0.824994867367395,42,429.58946195599856
T15,1237,183.17875092899237,101028.51128384513,317.8498250492599,0.8295288896209567,56,578.6997702560002
T15,1238,186.41031691604204,102101.51263867892,319.5332731323593,0.8277183538615727,59,599.584944631999
T15,1239,184.14393344118346,103884.7681883949,322.3116010763418,0.8247093661036953,69,688.8006890379984
T15,1240,185.7452444099474,105994.60931723364,325.568133141488,0.8211493120616633,36,368.8506183820027
T15,1241,187.58204049771888,102757.53651206662,320.55816400782345,0.8266114077459621,26,272.09551228800046
T15,1242,186.42565703263213,103857.26922421133,322.26893927930956,0.8247557666583414,42,414.15396922799846
T15,1243,186.87145458475877,106167.47563530327,325.83350907373426,0.8208576249644867,60,629.2555393960029
T1L,1234,184.8248149398806,100989.51007610185,317.78846750016254,0.829594698560489,28,280.3666097139976
T1L,1235,185.40918816597056,103301.16207465876,321.4049814092164,0.825694117645298,41,425.7183347350001
T1L,1236,186.32688197116428,101915.11011999854,319.2414605279185,0.8280328813541893,88,893.2708990409992
T1L,1237,183.35535862830713,101308.39893743969,318.2898033827658,0.8290566193827504,40,410.1833225369992
T1L,1238,187.30901977703132,102818.4461193727,320.6531554801429,0.8265086315270684,45,472.41244426600315
T1L,1239,185.83469576754848,104590.7269930535,323.40489636530475,0.8235181619596106,22,237.33147005700084
T1L,1240,186.0192488089335,106546.77859576428,326.41504039453247,0.8202176056667838,29,292.44088834099966
T1L,1241,186.8218955657072,102834.07546590944,320.67752566388157,0.8264822592483447,29,302.52979520200097
T1L,1242,185.35434639054012,102267.37880105071,319.7927122388043,0.8274384785222797,60,588.53397864
T1L,1243,188.67138397626448,108060.96518632304,328.72627699398026,0.8176626331532486,23,244.71205627499876
T15L,1234,186.8129782666195,106022.84367521179,325.6114919274376,0.821101670635553,57,583.9095591810001
T15L,1235,185.42394690684063,105201.41564268888,324.3476771038894,0.8224877125263141,38,389.3667886939984
T15L,1236,189.58060089547936,106289.54064259915,326.0207671952803,0.8206516577868284,75,1034.754670047998
T15L,1237,185.1413240352353,103225.30930635936,321.2869578840065,0.8258221083033113,60,920.6998622930005
T15L,1238,185.40190539604282,102101.10824010572,319.53264033601596,0.8277190362261144,50,761.6852165259988
T15L,1239,186.84058962258806,104974.87203938368,323.99825931536066,0.8228699723370739,47,695.7410024320016
T15L,1240,185.5657201614284,105569.86329521617,324.91516322759725,0.8218660100024948,48,707.9089698030002
T15L,1241,188.45072970268708,107641.97952229175,328.0883715133649,0.8183696113168646,33,486.9539491180003
T15L,1242,186.25474825198035,104204.17655921742,322.80671702927344,0.8241704103282755,47,690.7070893639975
T15L,1243,187.02736965588787,104767.85204849708,323.67862463946716,0.8232192888544474,54,794.4974539340001
