,MAE,MAE,RMSE,RMSE,R2,R2,Epochs,Epochs,Train s,Train s
,mean,std,mean,std,mean,std,mean,std,mean,std
Level,,,,,,,,,,
L0,185.81423089738587,1.3914768976310412,321.86978990905584,3.3492406832836807,0.8251725637753067,0.003652605066693308,42.0,15.347819244295117,629.1394387323999,241.5554284115453
L1_f32,186.1094749112911,1.2254999437619671,322.1134338376768,3.3664121782643357,0.824907638032421,0.0036737385351288563,36.8,11.390054140930733,497.13632975770014,165.66525500121818
D1,186.24416556093553,1.399634514444588,321.91825685015505,3.490467097258987,0.8251184472335057,0.003812949037572859,39.8,16.484335999163974,405.8791021592,168.16112066973662
D0,197.9337001100574,1.3614133588569621,329.283548554473,2.701818810523037,0.8170328104759411,0.003004649470532865,46.1,18.12579500172184,470.3607100166999,188.69911941380727
T1,185.44233463197682,1.3126339677612164,321.38482405276494,3.2349608224582944,0.8257000883035627,0.0035192955393511796,53.7,16.91843176341511,547.3909544024,168.31538749045615
T15,185.86723471763258,1.4399844966080864,321.64047899571653,2.7540806458470963,0.8254270730391389,0.0029908187027916167,44.9,15.125034435222508,459.8501083908001,151.7613368539428
T1L,185.99268339913476,1.445316769038208,321.639431995671,3.5482425179251567,0.8254206087020062,0.003870139221409862,40.5,20.34835510687671,414.74997988079997,202.38886230264484
T15L,186.64999128947892,1.4416533507576006,324.02866701716937,2.4310601787675887,0.8228277478317277,0.0026557899404201072,50.9,11.723196378690128,706.6224561392995,191.0762021009052
